puuid,leaguePoints
cNF848LI-UGSF59w4E0HJ7nW4Ia6ykMl_3KhgIQn347NO4Q2CyzpxvzrHtpW91d6DkcFk_LFYzQ58A,1775
AJRNXyyBy8CYt0dl3Nze-EFqTYMTbYtNFQziAV3TuAYLVruiS9KuBDtQ2g43zPsD9TgMlm1CSJs84Q,1765
lmjxNkxwMaBU6d6LG9jGj2VfIIHrxaf8LubwGrhXtSJ_nPCyH2osjP5qANOdrmBlnBrjYaVN9fe4bA,1733
9GgkL-cqGiAx2I16R7gbEHypMqhggeSrZsXz1SRz7ggYC-_qdJ8VpPjOUvLqDWib9_WweaJLAkcgSw,1695
ihErXRxZkIbmoavetRr39aDrJSFH0-1N-_Km7n-SRxRiS0B04dMotRnP0gImeaKuz2hYccyg-__3Dg,1680
hXDmGEH59mUnfrg-lBRC5kDINDWpV3Tmak0DjKvBFJoA9J0kaAinvdMz7aQtSFyGkLJI7NEep_6w9g,1582
7lWrVhOcwj9Pvr6jfpPqADmiGWcjB7UlmE24IVN88zrELGX5v-vW2Kj_-JAa-VjzUoAS8fPH5RvlTg,1577
EI8gUGAXcbn273kKDni6QrIs2VibI2oRnj85rOn5fxN4JwrfvnEwJ4iRgTkICobi3xVD7RLS7B__GQ,1576
QMdG5lDNycdc6-AIN88kqNUAoaLToskZaxRndwLFGTF9rwRrfx92S7ZD8bpS8LY99FwFBqBMgTX0jQ,1570
Z7hlitmRN3shSpY7UlXmR1jF9FKYDstw1zhJ4XWtZJBKFiuSZ0Bvttmobq5bOVmDb3PokAahjl0xKQ,1554
fyIy99Fr6QX6JYirgx6L3Ij_gvTQAGWNl-KQ-nABOfKwCj287smAilVS3xJDAkla6zwW0w-fH4dL_g,1528
YRJGTOxDLiZR-gVhTcU_uFOapFpN62A7S5TgjTJcprjfZWwtBXzVAvvPFnwCCC-9nMNit6s2QVammQ,1521
FqhcwWpiAuVoHpMza3nrjwS4Xo9PVMYEmMPsl33JfD5a3HjpSaS1gNVqU1QYxyHB2WZGtkomeCh_gQ,1517
SWPpZrL93pXfSU3DNQSYg5Grzxwv63qMmQVBAvwIoyYhrijJklKWTH_KbTWUNaWG7UbWNW121YXjCg,1515
J_jcM0Ny0uIlhyUdFR01UhVWRBVFgPGP7mOttJJ6hw88-B2h4Ssgc8evZzNOHkDAVO7b7flhEc4L8g,1513
nDeThN-5l_YFlwlHpJAd4Qr7aipoBJoirV_PLobVqvOX-1HwvY2Qb5H4Ap72TdWh2ytyO-H8fRH6WQ,1495
O4kQVUpMvEZbmPX_TONh72X4NZgOdgH0m3ZVf3T-IOFipdlJYCeJWk9SAcBdcybwJWSPJMc_pSXQwA,1493
jIeOaE66qby2EpEFGmvpZVWRjHCzaDav_kG-g4ESY1RmFbryOdx0OnAjjvB9hUvr0By2HXv37MVlNw,1482
lJs94fGHNnwH-UVrWtgNM6iU5pgaDlj6jdJNq0_o5cpfKdP0mIGaBt52lK60W7nnDgtX5QYDReF3KQ,1478
7E2SYLKVZGVSlQGGIepyqKbhRSIrlhr0g4RNHMdFOq-nFO5jsyOnNmP_v0Wi6_duaO5eOlfPEknMvQ,1475
6kpcRoruacwEuqNBReTaqDywJvKx-It1XEGe6F4-NdEUq4PNNuiBuSSq7YnaVJuvrT6MXeGROtgT-Q,1474
uR7Z549Wnx_f5RsztNAwHFI8NCKDOcY0rqZAnt5vOFtvBR6vNnuB5ehoBoWj4EWUOKM4m5O11Y81aA,1459
Jp96c0tD_sBQbjDxDHWMYta8r9173sm70hp2jIE5jeBaCqM_erjvsEX6PTuU7vtPfXoVGohcBqTDfg,1456
8NydjoUk7lPNtm6RdQSjHepkDHhRWON8VqdrPtTKIALx3fB1hxUv0VWmCxHIrej-H6zJnjvM8uzdew,1456
fhTkWf40YNzEkruzMSsMxM9lbv1DfyO2AMKr0pt3YdUw-HYf_kDdlCP641Ghk7jFx7xEd3rz6Ui3og,1449
VBHfFPgaUaMPT5U0Uzl5MtFkf7nodh3VoL4Sn8XxtOg8HObA7uZkDYQgsgtqsVlOxqest-s-DnkDlg,1448
kDUz5Qn4JWSM2zQ4FK3PjAfiF2Cbi5K-ekY-SMAvlAuheYnZ1gNuNQY8IO72gWxAttnaXrinyIgf_g,1443
k9iFvM6BNTBQV7g7N09Kc6Rh0KoPDBNZ2vodMExv38FC3b0e3hA0f-oTo1luLpLxvfXBPucB2f1V1g,1429
UtmcGRo9tKNRw8CQ-5WK5wH1hSoqM2Y2y-Z9Z5de7LTKiyott6W4YeiRdnYcRlu6mVtMEleX9mmSmA,1424
4M8-7BCtdS4RHW2yEKK1g85Avq2RM54a_UdfuyjqO7hcAOFyPjDp4NPf4LvVCtBeU5iaFIj88VdEgw,1422
sqLS9R6gayqA_ses7pyu0XiL9pLP7GECAGI-QexEqSmxllxfyiaaVoZLAC6fwfd3Fp70CcDGl9rB0Q,1421
Z4TDXv2VOkzomcIjdw6vTTJ43E2b1TrMVQGae8LyYIoVbfG_8kZz6WgRHejISxX2cz_o2ST7v0sq-Q,1419
ZiiHpgAsW4bNf-D_wwNenfV7Ffq5GLmTxq1NnysHcoO4x2dI1YvSBjgTUQ2y8EoZOc_4ol3srio58Q,1419
EM2UUs4zNm6LQ4rgqZrJKA0yhB08CEffTWq1medh9U-xOWp5fJ3ofS1ia1iuY4gm0mQrxBLWeWoR1g,1415
q6aXuS4-0j6egeIPkctv5pRfQStx761YASMNCH4WxiIbKr6tK6lLzRD6UCwVGbPFB6o9Ri4137VSWg,1411
Dd17jyFyrOPLXFB_bYpB1nxdF13Lrr06lqZC_mFU510tfc-u1tzhrizTFpv5VdTFiWF1ouVOZ0ZCLQ,1409
X7a_vms0s5qHv_P1Xo5ShLjayQhqIsAEz214h5xXPODKWTlNLZBTDd5xl_rukjCo3yZ8sLZicprVAQ,1405
xmkgzADnL8XUj2Wn-3-ngHRKrVqpMGZCUfoZgWD7kOxwIzxJgQqEic92irr68V4cjxuKlT1tO3-Zag,1401
RjSmVNKTHbpvytFvvaQN-yBEEA6G4z97i_OOmhaoU8SZKLaajW6AEw7Tj_uHSmKtwKeuwTZn3PVaHA,1400
NsMAxRlEeePxQjA8GaC1u-12Cm-QhzAFJGlusdDSff_K3WOkiec9OBiQB_O7v4zeTPhGAAbyFsc8mw,1387
jjd0iNZtpsJEu5Z5W5oAtUB2aCGdVOhFrjjuHPsgdOP0ijAU9elJxYtsZem3iUY--32xOJ_4WNUKgA,1382
qjM1uLIzw_LS8RMG12UR5n4fg2k0TZ93-DQNAUNsIil9xkrC5ANEwUCnEYbDAL7icVkP33G_V5A9pg,1378
DNFvs8zu-ab55badYeoJ3sXIipD31SW8QtaaUm4zAyx6S8fjoRJsBSyJZ3UMDLFB8oX7BiMB3JuzUA,1378
5fU1IwzJMqgIoT_ywuYPStHo3XImKC9qR6ML-gcMwPKAcKj69A-fchbK6mW-wy9cj-FwXW65RPU8fw,1370
t8h72X37xPEdig9OeyhL7W66QS-OqxRspmq8OrwUrtELKJvPLFhmTLqRNPxEcEMfOfrnBikGse6Aww,1364
ajRWZPcZHngs49sg4tXedEytCIpqJ2PM7eK8AwO6RaAaTaJpWEeo1ahApscDAk_DKGouqPchirvw2w,1364
DyKTQFgnNpsfpJHm4XEbVj5uRvv37_67aPeL9X5K-KcSlga5N9DNRFC_BkQpABafTwW8fuAPvLS_lw,1364
pk0qHWK-pztx31FHtFw9ZDu1VvIHbiFFhC6OyH659pIO1BZNyBFaxpKipP2NVP3OTGHy62_Gv0kTxg,1358
c26NU3tk-pPj8d5C1rfU-pNSMDhBhQVbFuZIoyuQ00myJIv7WehAXzyU3xce4LuBT1v3L0PJ0s56sA,1354
RXN0N9eS01nKA_l4iHUZfdF9ncrMmwJvDiBUajeDObttuR_aynUMhI702QO6mW_Ukgnvm2PZqyOqzw,1353
uIzyAjDosSAEZUrq9BSEzYcz2i4hkuGZWMMfy2dDKjwxXTbMgSWyq0XsnTRkvoPbULrlLLgNKAdI6w,1352
14gCX9jYV1-FIjjMAx6pGgS36hHGx_WTnQc4Imp1saOFPwez1BSz3npYtkpc8mcrI-coyZ1cuIU-uA,1348
cjnqQshO3EZoK8-T6PhkHDW3BVqhqlR1fCZOKdjf4zFf1Z8n7kdwE0fZ1wuHTVk4ebIexSevXnQD8w,1348
R63bpps_u0RPVumf2rF9p94KWCtZ6-NatLzYqpYqUnHnP0rY-LZiiDolYCN3Kk-JbzXmhGpW3g9dfw,1347
MVOeqLW-Rkg_wLj6bYbIJsJTgCAywVDMvbXgaa6Vg68-RlwtMmLDNHtzaXHlX0OPxOss4zilClhKsA,1341
uEFL7MTuCE8EE3IikdMo9Rfhf1X8cWXYZehb0EVLv2077ZLXsWrCvPw147VtKbY5t0sOI_bC6rQsgg,1335
ZbssPcu8PHvpxo2gQMKdlLTZPTrZ4Wltt1utuB4KkcOeMNK-QfkqKkJMBE9LtZ1o_qrMyZ8ejyRRPQ,1334
xEDh_xS6nRlNykiegHd52EGTUR5oaHt-15yLZGiV1j9TmLHB0W8Y5U_R_q329LhNAHe9Btl83Pr8VA,1333
dnsoT4lfM1kANa9vfdHwDRC6rRNWD46AhBlkcw-QEcKRdADU8mJV1Z5v0zLVfTOidT5FAcFmy5QmMw,1330
Plz0G2RnALNCnJ_lLYiLE7079s-ixW29iP6PCjWUWc-GdBYkIOSzJOgxtk_M_hHia--VN7qkT2-Qfg,1327
TXt6lfI3djqvu8KPFRLKpSKTksnOyUXZvjWwNu3j0w8wQ2wWR-QKD1ZN-jinoiIhBw_NhtlKIlfs1g,1325
QCFHKsrN-953872_eh9RcBuvtT0EcALtKuhSzsgg90F9p-z4d7ICgoYuXsJ9sSrda_3PAUiHpk2crA,1324
UuwFqGuP5rvTvjRcctDjX6fio8_M5H7Out6W5mFKZzs0XECPtPtrYmv4u54aXN_vDG8t6ZaSzjcUOA,1322
kG5Jqy1HHgpFpOrYnBhhOo7wATIUHrtDnAR2BOsHfWorJn68OgljaA2bTRhN_Q6CbBBxGjzVP1dN4g,1320
RJ81AQHRDZ_K4ZfhV8-GgcSlbZL7nQxTDivAldjtNBp0J-aBj4Ah7zfTS9bZKxUFLfsyiXXzz14WuQ,1318
fsj60ZNoqeU2Pbtz6BhFDgaRNWgLmaAPi39OMiJv4zB-xY4Q1bKCp8Qq5bqRzsY6vU5Y4jWohIzW3w,1317
rxU0aTNnMogvAra1HafOK6Y1vfuuleqS1YRy1JNaDPn44Mn0TVAFqKi9fbeS8aw8VaBLrV_aq1FTTg,1313
O8SuzG52LDZPVR_Wzq0rltgWsgK09V4LZyANoI0VHkPOhplWXW_GZjtS-K4zE6I9AA4b-869n2DfjQ,1309
6c7lnJMXaO9yc-7cbvvbStwB2TEb-A3xFj0bg4Cykegxw-yF8n4cMOwyKwKxJMXgTIEjmuKQU45FDQ,1304
-JQRaJBlZTVfq5bkuPT_gjCOKEI1IRlZ7TieLKlQL0kEdoPUgMI-By-Doz-Zpdfq4gy_DbwGleEdgg,1302
9pYPxWNi8ofWlDtL2L-BNGFvalbCIRSnqRyDTJM7Ob7kbwJGcoFdsSggIu1BtRZf_ROeE_JDRfo1JA,1300
0zABnHJPLXPAKZbyC7Ed7vDX139wMIBPW_G8uHTLC1mh4E8MUq2jzOuK4TOFpoWIXLrLOxOvq8FYGA,1299
kcEMjeGcV0AKU5pOIB0TApn7MMB2FSH0W5LpYZteor9RjlXfS8qL5cG06-hUYiobeAtwy7iypdWdcw,1299
rYSTe28ll9B1diFt4VGcNnsDqqIfMpyX-5-1nrfmwvyOk5N-SLOM2sfnq2UzmUhdqfwLoVZWfF4KNg,1298
xnzt42ageuh_GOFd7if6_B6d-dwHMOn-MKcRzt_f3rzgF3jyvzVxSfJQPHThQ9VnqGulTppwT4-7Gg,1296
gjuRj7p-SVgPKOhV4ArRoJuaIiOW8BE1VjPO6G4YDRXzO9RDexXcWIEriLF8saUcAMMbP1CRWnhJnw,1295
ILNqHwKt8-zjM3orSTmAhoZ62xBehzwn1v3_g-AEUTEYWhF0kgHDyrnyAlXvfDLt0DMDgePbfZwpnw,1293
hpP8iaIznjR1y27Iw_ytNaPwzmT20nWprCgxX4_D2TB_CxD3_La0hL1ffkfbNsShADDzo5GiXpUOXQ,1291
pbj2gGXadX6eJUaVay0xO3R9sYMp4xberOttZUzdNB-n9F-j-KwTtks8_3vKH2PxvNG7VC9iE4WBhA,1288
l1Sj_EJBkwSmwkf5RdMXeTINVca_1C40dTZoKNVt9VnqujJNd6ZU9xTmE6Q5WfdS1rQN5L74eI7yuQ,1288
6e8k4IzPkZs5xopm6vNVAMs30FlQpvf6xIPiO_k0C-4TFj8WPwjvA_N5pLkebr6eu-NDEeXZnrJdMA,1287
1roPEWaakUR9hL9UtSFRehy9q_UBewe7j1zhzNPh60BrG8nhgBMpY9gmBP-sQlnl87MIgFWAFnPRLQ,1286
gncQ8FVoVslKV9WsQ88FgEjq2VFAuVV_3qfIxb6ze1xFeXSEWaVEkxHYOtSIyZn83kZ4e_OACX8hKw,1283
DERfEgLZYkfgYDYn0Xp6AaVMHAxY2_HQ1JJuVW8qum6AoXFmk0eJx69C0D-LpdJQcfqvWDR6lJmvTQ,1281
O0SbHxnDvywmBN1NUDIOZc40nx6zHnUMeZhI2L-LMyaEOkG_c-69UuywbKvrBy15fyPm0FoR-t1HMA,1279
jHZ4tMAH7RG9vv4gwfhFk96D4wmNnM8BqsGd1hbGAvNju0zu3hfHwiwREt-5s2YGZGW6B4-mltMEbg,1279
OZllhzQ5Nhflq9n12aVcuoOFughoZJXckrOLSDwcqemCXCEtjyyDaIyI3g9HcCAKJskDhrCBsh1-9Q,1275
J_o18IIXilk8TLc8cbeF1h4D1XDL4x2Yyazek5N1jPY0Y4rP1qZTGYHAVCSKqBLMFZN0mckZ3JV5lQ,1275
EtojhuroiGtdXFQKJHak6llvMLcgK07DppFFL3dOD4HoDbdZX69p_N_cYQHIM5-4krM0IZmse3Vv-w,1275
n0BbGN7WgupW-mOG0OsV46SCQxeD2fXSBLVK7oeWclVdvBxnVQfPkEfw-cwfafVv1H-fUdRw2MQVSQ,1272
XS--gv-QceptzaFNr7bS7Wyx9de91ys04631pGXWCCxu0URmXNawsBlJVHn6wjdH4ztABKR_yMMxJA,1271
HSsGsj2coG95ZHQZJCaa5rSPDBwkLizDyYmDy9986Fwc4wP_ANg4KTNGkyYPsGVPVonuxxWnaRfr7w,1267
Qinlkzveg69S0a07eGP39d5wwb54vn2AYdKQfH0jXX6y8JtCNWWsieMnFZUpPV7J_TksVepwankFEw,1264
pDwxjhymULfx1pVhwCT9oEk9pbqcaXpBlBVYj-EELD5koOiwRcUZQ6wNT1VqU67yRaRxf0FZi4a1Cw,1264
Qvw4dLSuTSkUjjjmSGFw3433Ekd_VIwG2DS0iwbT62VmqGRpJz5B8AlqBiSkBzHalaQC8EkoMwKnow,1264
Y251v-33mlhr2bKfah8SennHmlDHHaBxTXe8hqwWvRxA5xcxuMUK4PYFdhfwG5g9mSGYll5wP02XVA,1263
et8poIOKdyTPXtkSFTqWHmhCJzjLr7Yxy7bIu99L8Glb10A9gewqnxNLbcG7MjIJUfUIKFIYldCIXA,1263
ayq06sgJkoK_cizx2ebsr6bw0gwO9Cxnyj5tSJMT3fTMztvSRlhmG5GS0HNV4uIZa8_qjCjbcYJcCw,1262
Pv4PAu3hp42N_eVKMu_RvIJxi9uOIaOdl7UrJcSGghlGsYmVuALTynQMIka86IfMdn6a-2Z1L1L8HQ,1262
rVfWje9fEwqCJblF_KF00gvCiGBDmTThmtkHwWLjTzOLGHFwl5hrDJd7MiOfkY26lEgvtycUg-kRjA,1259
Jvks96U4gxe1Sy3lakwaKLGY6e4QxCV7E26sC7MIUM_zFQnAtqsqXzdM9qttrjKg213SnOcm3MT-eQ,1258
KRmJ5RdLaQi5cGx7k9m2aUaBs1uA3kZsMH0rU4UyksPkG-QeQMUG5gUlw45NSjIV70Hq-gcANWTTUw,1256
MZVk1H4kvDMQsx4tmz78NluIhXM-nz2kiDIr9r6raMsIEbrn3GA6x5a7ClGoJJEtdAhf3jf0BoZPeQ,1256
CXsi-s4DlsO8ZXE_OHaHXzlMvKgqEmxhQmCDLux5RqpvLuxkb-wg4EgkPRlTes-EE_oG6BEb2xiwcA,1256
b67QHEi9PD1Sk_WupqDuIiZLZEplnaDlXwEDvADxfEqAETkPgcaYaYRTNeD6yJ0116t_1zEcxKwo7g,1255
iDEnbISC9X47SBeBH6nUircKYCjvgDc5L2TvQVU3klvTIh9X4iUSyxU3BmQqjKBNSXIYtj2Rw-SmFA,1251
BQZ5B8fPhOoyEXZxTZh5_K6L8lW4O40IcKrAmv9ccg0gMILhufVsUVd0Xy70A-0D1380t5CbaE5jmQ,1251
txk53m4WRG2uKG4RLCTnR99MoO0ozJBJo9lWzhYrH6VghBz-k7rg6GyhW6wyzF0_EqPCeb5TCqDKxw,1249
pgKuXV6TJHM_9RbpJof5s5KfPWe5C-6jVGEEaIRiK7K3i_zA626GELHaFlWt6nvKKj5lz3ZQCPU3KA,1249
5HQqD5R3bvPFozy5vxDUiO4Iw3VwxLg9adl3okvYCt-fRuuDuubAGDEQd2GfRuRhnIP7a3TMg-Kxyw,1247
-l1fwT7-xcChK0Eq0lqmCUNVDTJvfNvI_uuUDxRuAA2PPpMdfXbIltvxmR9Tah1GI-1Jnf6HAJwYDg,1246
MC2wvDDgLI68e6vxGeN24h2aaeyf0z1ZPWIi09LTa2JVhQ7u9CDn74wImnqbootLvR_SGpgZgwqHrQ,1246
GB4bfS4UeOn6sl39g6OUl8supAwK48rwR7iJ015bhv4fr9fUkqbqwy6xPvehXkOMp3BxfqXYYBE_ZA,1245
aevIvYZc7wXKnilYYvSs1NEo3I_kV0Q7t2yJNv9Rn6a9ZuM1Uw-IuqWey414SpoDh659-igDo8eV2w,1244
dXvBrC30yN3ilxlWeoP9Y5kFSuALN1RxgZkyJdfl1yuc6WseA3Fwxes0BV1bY1brAVGw7NcePBBOsQ,1241
5WWUSI14x6w0lBsBIjyt-e0qovuZke8QwoEhOVa7PsK6o24CiRnpa1YqYZEeZvpxA1AhE-q2wo9UhA,1241
tuZ1NdhDnKtxZTq8zN7zIUFNsALoOFUKu2qRyiAFbm0nOz43YCcYFeEjRqMpIvpux3lv0WNhWHp65Q,1240
RhDMade7FfvW5vLBWiffKYMu_RS14ymhx4owHQtc89amD0Z8auGHx6sJMNFxSZalu-7xhjQtpUZ3rQ,1240
dcHUc_3SO-VOPrx6vJY0gUVmyJdhNHBWb9Syt00hLqQUuzr6YUq1ntWvKXBojm0JvBTuKin7RprriQ,1239
62pgNsnRHkSQafMTHzIuifsGOVqBCoiERczXx4BHkeB68bzFdqys-zDwbQB4oT3kP2cAGNN0_uDdGw,1238
GfBXztZJl47oXy7BwNa_0KAdUbLCoQBFFkPWt-AHVkORDaCbS8TCo5vIxVJ7rcKFfDy8RIiAuH6Fjw,1238
1zCgWJLCJcm1sbeFxotB_2-QOkNeDEwlZoNSXZXmJZkmMlEoWfzGUProhv1FGCzDcAiypW91_f1FwA,1238
TQXcIPQP-qz_0HZYJpdsdfTrgPTTynUpMnZWkGP0mJLcjn1UbSnjfdXE1l-RtFv0f1xzZlaCDnFOtA,1238
aAiiBcFgrYUlcDUwVKDx-FMXtuUY4iHtRqcjwF-VIxH1NEHRNDrC6KGsw4XWNhJ_e1Q80k_RD3TZsQ,1234
d0Ra7Arr9MwuD6d9jfv5AI-92tXZlBm1P5c0B57NXCYiccdsNNtpkjwY6DFzDVfKTFsrnrh9qUgYag,1233
3KguYfu0NWRrrE8JKU79CahyVmb5lDTabLe37DxoEGAttYh1Gn7jOglR1VKzG8XSjCCWJiGEDzd3ew,1233
ktlPfQbpU-bXpif1u5PieWYbdzY2blqd6QmIxBwV5v-ijvqSJCR2ccJiPrIw8NMwKvz9Ng4t8XNRfw,1229
zbFzd5oEvmajt2q6YF4R_uNnqc9COisfe1f32y0ysTsQ1cUj-D63llN1qEtz-OniDBSkCfdlJ5cIqw,1228
riMeua8JwN0D7Qc7G1mIX9JIRW_XERh6RiP5KdPkXFBnWvG8WnwUuzOB-cJiMDH09YErSuxB_sT8Vw,1226
kQdGGRsZlmZa6k_Y3Y2ms0TKNqN4uWZGMUAHqWeK03A77ODW7ElSLRd501rG9Ef2f5hQp2eh9bBJVQ,1223
lSFkOx9rFTwwzGd6A6j4eXuHLjgY_eDBYonX0Te-tPAXbmeeJVkcbtcI6RZZgYZGSrnSQ_-zfKhazQ,1223
zRb09LLDIlALgmrO7AI2V52lCNLf0K15YhEKhb951dx4DgqgPrXZqHF9PxBw0JzOcVS3og8iTy6pbw,1221
psjxh_Sazi5gVmaCTJ1wBDjny3K6kKR7uqkVTYmE2dVhv65riHMR7R6-WSIJyEeRCekVjiWkwEDyoQ,1221
WDGAMdvD_O3fHFVYtEvGwzmgynGexVZkLoK4o1BxHuMFz416r6OplZB6iBARuCsWhRtmsLNNdK28fw,1220
PpGHszGC9n8WLMht8kkflECfCVb4pmLW9GsIZEvYF86iDtAIwBxE83jxDq7x9W7APdL6EI7Str3UDg,1219
0B5zqpQbGM7T2uNFYwoltZBvxW4gBK8cUMMKD_y3ayGDT-RYAmsPQknljbCTLzXl2uzBY0P2lr_Cmw,1219
EHCM7Y7ZaC2d3QZDZMd01lfxC6DVtjflOtzp0jeZphUD28WD_n6T9vU17YxG25LL3TW8QSRSScJO5w,1218
FX-e1ugFgBi2uXiX0GBMwR1CRRVRfTDZRb9ad3EIpeRbqrpy9YlWHvOcngY0ssb8ghUVrVxz4baLMg,1218
bUlGVH1NPiRCgqnQXjvPmTXdshCLONPvZSJ_WPAp4HG_7HpII1Qu0ah0wCBZSrMeyLfXxYuDES1OPg,1216
ozWmYj34LwFyXrJj4gVAFSlD6IjeUubZjJ8jXENtae69oC51TNVOatlICL266gqkLLndy0MOUfGD5w,1215
2ZCQ8qfKSAtHWER5fRzRWpQHBg9IWiDXHhvXmWDZj4BgGEXs5peNX1J6Scv3JreP2nNUIzuO7KRVTQ,1214
uO3mdIG1O5AodZw0tXjjydG4gafN64daEgH56LSON9hfyAzn5p36MrffpAmIkTknbEBB_LlNgPLZng,1214
4Km6r8FoDz0lpc4YOX0D1MBSraxO6Tw5a2xcmvL4HCWIgPca60PR_Pc1VB3haU3UcaS5GqRA1jrwFg,1213
q8ZYwEZUEPVs0Zr9gVA9Ry2QAgWM-xa1bbqfkxJw1NuRhiU5pMCOK6ITR8HVl6FZaqrnpLdKZ8ukLQ,1213
Dr1SAP-jyhjahw357ZsDbFZi94DtAVF07CHhZlrS4sNZQLIMX5ThkQghY4Po3pTgZd6VCUviVoZ4IA,1212
FaViTXzOdZM7UN6umMrxi3XmtjX4IxN6yYQxWqX9x-5wEwBIPjbb5Oe-zfv3Vnw9_PTb7HlEidhk-A,1212
uyhZexa2rq5gbRteh0BZQm7kZ_LuhgXaS-4p039C-T-E7RQHkKQHcUwZQpDRWT4sPi7UWdad1Ocwyw,1209
G8g6s-gr9TVjDoy8YM9PRVWetbEFNIwFED3npweNvgxfPrhIP_bZavdnEFPU3C7LfnIhqw5WDfI9_Q,1209
UGBcsmoKcdxOlhS9uQW5QC7P5N8PSFP4vHvjkYl94xopZG6YeM_91KTfvILza5Z95bKr-JeEp4E9NQ,1209
O_GXJOPFpy0ICR0pVMCdxhpMniY41hEn5q_c1fr247Gc6Uhn6_CG_HAiSxwKYHCsFHdV652JO6pMjw,1208
Wk_KdvQFgY4DGkzjb3puVFDZsNktiW3arWfZz1ugGsYhWxS33Yigh16_cyQcF0talJn0GFrpcTGXqw,1207
f9H_CjTiAT0xrvUnx2Tph2tduY4TByJiWeDaoQXz2PKbYFCfilXjXBVo1VjmrJRpcbnkMocV3_P_fg,1207
FtkcVx5ydl8xlJa5Tl1zZKup1nTazQWwGiNufITCEqT07ET3P9GuxSxROyDe-dde4Hy9PSxak5keqw,1207
zu5Y0THZCIOQ0Nx3gwCwIZoyEKbkhmkIl0ThidVrt6vvhggaxGzPmzvJlWncF1hkWv87uwKx-iAYyQ,1207
1fBoCZ42ij7Ab_0JnemI_imIlG2gwFGWnoFW9p1vud9q2XJUqxNe3wOLOOyVMafgja8GTiE2UT3ZfA,1206
yfKEHS6H9OBTgQwQb2qGRb6NLHMKhtimpCBYlkQqAmV55ydBY2q81IKYgoPfBGyghnaCz2dIdofPsA,1206
nQyglaUx3zfMpVE_oEDJyA1T9YfutYskBtnaCYFBX8PK-YT0SmKMEt9SZus7DW-mUITQEtXjNTWUsQ,1206
tcsT1Qdz8bHfHint6Tx289uDcAgHbUj_c9Wit-IGDekLj2RylzAoUDjA_qDGVdDoOnLbWx_LB-VBVQ,1204
o5xtZc6fYB0O0pxvmmNUUIRSYty_RmSbQCmJU63qw6oni_F-WzYFMXam4YyTJfBsCOBuniDQOvEXag,1203
SgsYg2d3n-AUBmmAeioMohurdZAQRLKwHIvclwJgKEutlQIZO683M6maI9wzhxZgz3vJ-ebFgZij5w,1199
T5zkqT1BzxyI15cR1ZWrP6JTrDPdUpmsLaRcXS1qiSkwfSp8aF1U_wEwe5UWwmWb1c80S_shXBLyrQ,1199
gM2RUaqJFydbg7a5JA4Q7ko7b3JwOaGV9-oxAyFmI8BAmnC0n85o_zyCaMPXKlVJC7qEuthw_QGsmQ,1199
nCqrdDiaFDZhWXfH4oQNHB6dUPth9ESCzmjDAcJM4MyWpau9BGULLFh7YOvBNR3pnd0UL9uu5xhkeA,1199
bfvSCPLsiGkxfrYCmi_NyhQhqBTH-cDBGV2qa2fC-h1yEF2wjrwr7RQwbRDK6EhM1dgzWbyEFw9QoA,1197
QY0fmJi5YQYhSs1eMkXU4H_YVN6ekkOPVPLfYwu_Fisbkzu2ibDjo3IIY2_Duk3yLKY0Aj-_VftIlg,1197
LKZxx0A38_xbRMaRx2MvVdPl5EwhEjLoo_sSjLpO-4831Py_Zc7lBNHmVl-1lEal-I4ZWi5ukzU7YQ,1196
TdN6ENHHvL0Krs3WttrgCFF_7VHSZYodm2fjP4Dr51Fv4l0NIUuj-nNpwZqlbfPl0SvSDKPb5OD-5A,1193
7IeF87L0RGNA2p8LWH9rX7e7S9RLtP1ecbcgGWegvTmcTbAdF-yVL1lJk7olu1E0XMr4LGiVPu0HVg,1193
zzkJBgzhuHsikHmET27G399XNeS9dKeHUjdlwY55WAha9u7e6NQrImdLcStAXd3qxasEhqjGMmcFqw,1193
3CLaudSjs8MnkexoKMMkFaxmO8FFEONxIBE5UtkmktgxkeyQQsqnCGFcUeoh5EQ6YKfXQUQcEFhwKQ,1193
goUYDZw47oXfVG89HsxDuzH2NLclkVGFSbc6QafiIHzS0wMbw6aVjHRngaSiHT5uPnGeJ7DsTcJwWQ,1192
eiMOZ_UkSzn5nAYTBTMY-4DSwhj3litNi_zw1DRKXUtdlwPJb4968EIXoevWG-tcgajIqvWSPxfPtg,1192
er97XqqguReZ4KQz6GNnYN2TIl7zqWy3QeQTL6YkFv-v3rIq5tl1os2vOXo377W6GhiOAwLWBDCacg,1192
sUhjL_HDK0iCQGKYXoEVSNpvqaIpjg34BkudJQDasOdvLEInQ8oLxwzc4VV36R2Fus5-PH3x4Sxp3w,1192
_rFrZFllde45oEG3mKMjxMwhEH-bsBy9KZGesjXxqJyfbjfXrCk_DHAbL8uH1CvQwaE8nep9XY714w,1189
qC1iG_dLfT6byb5-DJtNs2ECP4StHQNaMZOa8QdYMsVAqO7yzcnVMm4aQUwEw5NURgoAG3Z5a7rimQ,1189
EG4cZ9w974qR4nlokovchTHhzh2wKz94REwI60UdjnaVocjp4ZyBU1P19JFz-jybtJnUlJqd52l65A,1189
2NXOWnTTWUhjSjyovfK12kf56vV-aT5mHPWQrEg3alzJXrW3j3VB2_Qgh7hx-o01WqdYYuUhiiFIWg,1189
5NNLPLuTpNZogfWi06G8pN9PoCxN9uGwSJo4QCH8m9KAhUkeiixo2u6TfjLw-xsSuPTHz1Udtu0Ksg,1188
nPf0jWU89UEIg6-YZwy17xHRNtmth7Y_QSyJhedq67FqOjhXfWEyiel6h9xUYMuWyIi7F-3nmb1T1w,1186
ii7ScWRYmmL5_zpRb4ZWc3vCXx0OIvDGGuV_uZh8mjClpWgOX-oymZRUNiX2YE3Pyi0MpBG-5Ikp0A,1185
kdYdZgQFffBMTrcSU6uCDOifrhKfsT86tbvK44Xh1rcJ7O4aD7UAjUWkewVyvNf9i4TU5HMBcktdYQ,1184
9-xjwM8Nu6qoYuG4f8Crl61Nzn-rE4SLVJ3T7yYyVALUiGUm_Nm99LIYip7MQV4Y1k-AQ99tWY9B6w,1184
4xqhUufIoXeBtMVpLk402FiVCX768h8VE_PDmFJQcWHfZvn3W-dH8AeN3BGrCI9pT8VFkmhkvtqZPQ,1182
xEuaGg3j8D6XVVh5qnC515IXSu1o-GvhnFDCfdJfvpkcRQLI4aGIdZtdjieVrYtKc1D0F5e-6t3ohw,1181
D-pnGtjlURdTWQAZsyNoMrplsvX11QNPG73EIMmGacJs6Q_zxF-r79biIM9-COkgc_x9ciE8mXTmsw,1181
xrqKnrMV3SmOqRO6vGxaKBOaOjnHP32YXYyUQ4u47uQ5UQyOzfhr3bZgbNAx1AQJ6Hmq4XuWH1my5Q,1179
jTEUSmLcDyeu5Ce2sMu7-rGJqyDFSkOzNnjDROF40XhvVO1jOhSreiO3N28bR0xPekjqDN3V4S0UDA,1178
nS1Gg5TBCKNz0SyNvnyeotmJVe59cYBWqul_bHRvS00GEl9nnwY00wjOnywPDah-XCv1vN33kEzYgA,1178
19x_jOLpVH8ODu1v1_cJiZ9waQvTJi7P3nyJ53CoYWUDoF5Q7jMGfNxh6sD7QgCX-j1_Qf3zX54yNw,1178
MwTpSRGojOz_q3JTbge3QZyaNcsMVqn0NJeHc3iegfbMK2D_69Uptykd2v9BDMuOyYQqpNzx-C9lzw,1177
y4oCksORMVOAEcZLuVK7LO-UuGPtyWf88gLK1dO5Zc4oKGCgL1iIeeWAic4r5lDMyyTv-jsSro-PMQ,1176
Hg1UZgMxHTdLLJvey37-kS17Rldk0KvbfaXPWqUlHUS2hAt_eol7EChQpL8nNTjQhRzTCaVzXzB46w,1174
BD9dvWjGECFr_lsNyKa3fbPofGle9jaS5DYrLDhlgHbVLPRiPFpkN7DljVwfiy3dBZbS_GE6ox5EKw,1174
Q8v1t9z0hHi-VoCUHo6U_IErYVj1oWh5XP1QUgFW9lzsS3WH0FXdDJhk8Ks6qgJTOzlVRiExJNBqjA,1173
uRs5zwscjoYEb32dpRjctLq-Z_Ss94xe2blnB4P4LpH5HZL9anWaZyJ7XjsLKQXzyVVcjhcyp4yclw,1173
zDyAVLUE6o7jnoOEBg7nSmFMHpFEOCqO_J7EL8w7cBPei0MUoOy-ghDpec4Nvi3ltUBjQUU8p5gRTw,1171
kG7rPeGov7sgx-lyOt5QzMupPfMpQ82MZLuXt85Wsv9CalWf-6oTPv7Us8rxkZutJBC1LxrsU6Aiog,1170
NH4hFhSF4YSZSx0E_aAHzjPOx4kkI_AMYltHz60smx63Ze1i3kWGhtPyN9EtG8hqyQB_u4aIEmiIFA,1169
VYf43dj-HDEhdfBaTrH-LqYzYLLGVaG0nQla0oIS5PLedaUKonJIfQKQIeaGEI-IHkJxTNjOjhrU-g,1169
5s-eTzJio4JEPqLLVr3xHzCaZBCn8CL_AxtJBZcXebrpXnxE11FFclvHrF6LBVXQb85VIqKUXh7duA,1167
j0533H0B86Aap_oncLbR_hSePY36W_IpMsFO2PWYAHhYXc5_qW9_o2mORlWNVMphg9-m18sIiW7ajw,1165
bacMStYaG3XcUi6TqTh8_P5s9KYuTnjXRYv-GXfNW_uIj3djjxE33jF7Qobt2C7O-S6Vz8Wh7IwdTw,1164
ribLQ4rKmvAPEqaznb2FG4d0nKjwh0AujfEgATvP3tO_3qXXuOhxb1yikOFTdsU_0BOZ5aEgt1JRBw,1163
nitZ71ArCPaZL4V8MutCP-7FB6tG3NSmIKTdbOkr7XfmSvV0vAtnbng6wU6T4ZpeIi_5MfxAg2zZOg,1163
zkY7C6l0EmFXO8JxeYJD7dHRZxZh00q85UkBWIcIe7z-BZ1h_Py0Kgh0t8Syvd8gTFaCoXE-SjhTRg,1160
MvSn8u7aecow-Su5fmYtjNrjOhXXqznp3GsgyhhJNaLGJJpYXu1NtmFkRujpPMd0PnO5vBvrKTw6yA,1160
2fynYayg20FGBo1xaGYePNPUy5MpahYGvymubf_g0hxF3HNFlduzFwDeqUsej1YMJB5m38puq5T3fw,1160
VvF7a2iRTFuhI6o0gP21epS2ISh-fZt5sTXYspVyA23m_f33ib2wAfBU6H1m5zKHsQD_ZQ684gAuVA,1159
Gn3QSfnBexwdj_7F-AnoblqM506D9nNKSlYrQkuvpV2s4iBV0tGvTy2x4JZeGXtBy7FjwYepZDhwYA,1157
jaKNgVoAk1XbazC7oAWu7yiXgl5OQ87gKNGveK-aFxWf0eJPKTgdGPMaApO6vFCnnD5RbKtqq88q2A,1157
Zmz2JqnuEFIiAYfzNCXYnhvpACr6h1PE4AqFUm7eN1ctzal86Ia_aOuqCGTrc1wv9XPM3SNqf1328w,1157
5yUJTGhT_oTIpOKbb_itnlIy4jfxcYKU57PbXtOLvcOsV4MMXALMq_rQq0nsrouDP2uqXV66a1nBug,1157
1MDL78P8vDyUyjmiCY76ckr6_89nswMdju0FSqcHUwMzb_qCsbzbUDu8UqIOMfS9ZvgGT_GNf5PA6Q,1155
UcnZzr1pML4d44cymMbQw6IJGqryziV3Gp3CcP20RseDV18yQJ1mDEbJAR47jfRB55m4w84CbC5wEQ,1155
FCnYSpl8BRED3I1GUJ2cjkXE8NiA6FiU3o2oISMCnLnnVcknuzUF64mf8UQbsSs57vqhOShl7oD6wQ,1155
wL3SW-PeLAqLTtBVAU2LAE_mIzWnncULftI0Cbkr92NAwDRX68iU_3rYp9Y8aNJ7VP9h3IFmKCt4fQ,1155
uasl5MENHm6ey6VtCc5DZnJVQJjZ7KDYREa35kUqUshMibYQh6vFVdet4Ub3Hg8hKDTpuZUapUfwuQ,1154
AylpNiY5faCbT3VXUsE2ba0sfQkR0YaL1sk26J5lYM_ImQiNmnJ2xF6fH58J0qa7JW3Lan2X19c6rA,1154
mcCTmM3y8-3AgD4NEespMxodIfTZV8iRUI3s1e-lJDgtxtmOohQoqpYfNFJnpr5N1uF_GQqOlq59SQ,1153
XcnO3pdQk4MRBY_2xWo3P8zMyXoAHI8wnf0qetDrtrFzg4TA63V--a_gXhelgbDHYKyremjE2UGlXQ,1153
MwGOjxRXU1ZHx3aaZEJWgmMP1XJyI7iyKtnJksz47QHMmFRqKe-XhDn2V6Ymq-HSfIGGMNepdf8Hhw,1152
XhUlc8u1W6zkYckVIF3HGAUyX5wKCpqApsdvzkiD0_WvughPYyPGxkzqM5egvyuf5fwMBOYJs7Hhaw,1151
VeKqCICngjvh3LH9VbP3YUJWqdfDj6BegxZZb6TWWMCfMEdPImQ8B7kjRN4Ao-LqkBNwwAo-dxYFsA,1151
dkbyM8cnKpWMvORZEdKjDcqJJliSLVwSto_QxKlWk20m6b1WW9t8e-3agkK24EmG-HdkjveYtZf1CQ,1150
J62regweSBjArC94ArMToOKe6jy8BkTrBGri6j4wEq2Z6aezE8idaYo7Ub8fUcTMtqhO2-FRZ2YTiQ,1149
kzKftgMRp-5NSKPvYZnrne7g-VYYgaR4O1D4KVSmn_fPnVzF7wfpCnJ8m9cMSo74eMPH9wGcc0awUQ,1149
v37OUNIxUPIqj2F9hi04XsCEDsiYfcB6ZOA--6wACrI0J_h0LX8xjlQBeFChfAE7bPbVeGpqpJ1YQw,1148
fyV3aEzw40M8O1RL2ZHBjBdSvnmIa2W_qpZCmQ8YmIKDFkna5Mx0eSZUd73zg2lRrLsbbXirPSYPMg,1148
H_IDZUMz9fvavdwW9RRH81d0QSLphjx_xMruapu0D37INff64amcX_KisnkkCkE4Gy517hof1xyAyA,1148
NA8u3AY_iLU6O0UpTw7yw3B8ymEC0dTCVRICYW8ns0SbnMUMLhJ-yA9yMd5bMkqoW-07TFVJ3qv1xw,1147
nE4W-6OIxE68GNPcbLlqNX8E21hvQuYEsSRxsM-hNIi4F4vVGvkG1DGXTCHIqmQZGWNKgQm7JwP6ww,1147
oqKiHQd-fyWyS6vWwqKv0VyHy2nHzKOO1oRcwo2UFHqpiTZ5b8EodlZCBdAnK8LAVVyDxdhEvATxjg,1147
ZK-HJFdoLM-YJUAET5DF8xWOWbGPBA9CbdZ3weFGCRlr-ggu1uReKlWgEww2LiGfPNZZvAOiR2xiAg,1147
AgdIQuhMWbQwspuchX806OJ4C6fR0pqBev7DZiT97RlrYuIeY5mMNBwkBOaUFCIGQJntrFRqy71t6g,1146
k_vFgYaBWbYFM37hY7o0LCmj33Dyv6Kk1erZ-iUEhTGI_EsJqRKfiPhfdRBW86YwLkmTqVj1v13pAQ,1146
TAgYOwqTV4jEOTu5RNdgHLDZoA5wnmVYKUB2TifMm9y87DI0rwbdTXHdD8yCuFwte9jIq-gptkUJDA,1146
CFrVtGB0Y-PfzUvboX8rcZYZJcVIp7lTu_HCNTrE2uY49VdY7w2zca0QgSHxgmBe6lqxm0iRqLwZMg,1145
P5nhDr2SXkECCeX4ZhP6fQJmR-FX7sYvZfPNG0oyv0uXT80eMts2K_hsbmkSrpqmN5NipEGhDhb3JA,1145
fW2pW7A5GncrCQ5gwLe7M_HZs1XaHeOne8vh2RH2Vp1atmui6hKAW026dZwpfByU8rsCjxbk0r7q7w,1145
x0TCgb5cr31s_eb28Dtl7SFL2mfLdOzmlFaVyAkiNCCK9bn029TpPAOV_6Ne1XlHdTUebmYXqFY3SA,1145
t8N_AZ5_BMJd_NGiCJCnLENIq0AExqlAHTht8TZ0ycspv2CG6n7zGjSALboU6ioLinNpMr51LI0iLQ,1144
8SpzIFbzS6DoXRWc6gNDnHOlpOpFR2i90Hsen8gTZKWK6Y4tlvo-PuqWJizvHu037Gz2uT5kR7TBLA,1143
2QjApGFAxGciBLba3nZo1ujLwAuwbCo3IiM-cDaPteqtKI7XfalVXMs00Qx3CMK8x5ZIPRqEp3VWIg,1142
YwkcqOQICbakGIoPMLwlrwHtH-C91iMPMsdg9J75TRQWHyw_o7e9KgOZVyM7hIKknH_XRq97f-eyxg,1141
k-JoW0TW4P6yCy7R1mTO5oFiiDpTS_Ch8-4lLIssFD5jsxbtMU1H1Oj-_ob4JQxEHHpO7w4SY9ConA,1141
XVGuN7MWoz3KP2f6mq1hEkoVJqnuufDjKckz6ZEt7HV3wvHuaxJmeagv9tpkMtYIcNTwGdgsvRR_xw,1141
Bhii-O4FzqgI68pYoIFrHJQP2MiNnJt5HhlB2fX2kOL4qM60hv7EQtDslZ5pK7squjQ-gMR4o7f-Ew,1140
Y_0c5MBjfVeKtVkIQ3VohX6PJKeu5atiWYbj3UnyEiZiEnGX_kGCWyWhuPYajej5Ze5Qm4RSa33fDw,1138
J4KKn9yasTb5MRsm-1icYi134bLNGmHUr6h6Sr_VLlzKG9oFR6GYsYOvJMfv-xjcPArZys9EvJr96A,1138
5aopna3tMTM-qRUAboGt1SMogByx2QzrmC2F3yxR5QL7RsiBs9tsTreQDEVwpuDKRryEPSyt1Mgucw,1138
X5vQZxFcNKnwyFzZ0PvBHCqse1lpDIELyvG1Q9hY3fvHnXeDRqO-0btc6dgBxJhd26vFdszostmrEg,1137
1zmA8I6umuesTCSGS8u6o-S6ULJfJofeMVn3HW3MdBhlbaPZ9omUD5JoM1q5SF-ZqZJbllcU8F7AtQ,1136
epKO4rM3OcCiO-ydCJ2rXWoGcBAN88LQNAdLyoIrh230vLl6ririzPizWO-hgVMWIY67dEayW5Q9Uw,1136
Qccc8lbaEJRptyxGy-AK9exiL-q4l_pT1qSLkXzyW8Ck80xhXBcEU4rKGTVckJKODv-vGWCigWfAnw,1136
j_CBM9fPpG-ots9EEFi7P5RSMjqiCr0NQhZLV7s_OntJnJogVeQRO0_Va-xwqABkaiy4ea7-WJBpBw,1134
IvY31nQPEUPKX0QBvJGvBeojLipKifYholeihrgxTKh4L1Y-OP1xT_Z6-YNNTvjyxX814lcvqHSKlw,1134
Lr9P6p2P7Qe3oVcN0Dj7UyeXPRlCx1BcmSrbToYRDK7NcXJhVb8l2-Tufkrjv1z4YfsV2abCJt6Xug,1134
vmlqYT4MzBk0BgbP0ptJP9oZKu4XnsBYDY-_qRGRbXYXdP-zJlWgXxxhUV4tQ12UZPY7l1q-9IFIgQ,1134
5iDi27TWa80NjysTHActQvNtFpo8KUs4rMTK_pWdaVt7tDjULdzj95XRIReg0qbP4jgPWS30FaI2mA,1133
5OQxNjRT95rQ1uv68noDWwnMIGqChuRA7WjnXEf5TYr1aUmgh2FD3HBMmQA2dLEwwSa8LXAjRpgY2Q,1132
VoQX_h2tXpfzfMannsCvShSk9-tVsy1kemVlBzwqs8cYFcQSxfbzuma9VTHeJu_w2041ua6BnW8Ocg,1131
29QOorU2nptUu0U2erUUSf9UsjMhfpJRXdMdqqQumcCI6AW1S8_W4kZaII7LuJw8RCYuVJLWLjMo_w,1131
yff92yUq-qhg9BPy1I73OHXl2ttrStL3yYaE07Nze5OovguKcR65irNF46E5zpsp7w8fN-2kbtidcg,1131
gbRL133xxgnBhP0WLS10VH7tDVItwJz4NEp_3iiVXdnpZDUr5y7bwSRM9uaFEareMmYqNm-QwA_JiA,1130
Du_BBQyVSnZ3Vf8wWyk8D4BHpTRQjJjliYqCNVYVALKAXtwzDsT5sPccbqsA6w5cHZnOgiKMcRcWUw,1130
4ut8o4xswO3aM-9_-BP-zLRnTU2iGR9-OF1UorfpCnd3HequiqqkFqShhxFYot1z5txQhcsYKXS7EQ,1130
5uEoedI-8SSb-TP3YxMlv9K7cRLtRKI-QLAiZfPHdRsB_QgVkEpAIZOtpy66OIU7bZ4O14k1ShcRMg,1130
1KLCzV4zgjRQoRR6oDa9LsSP8awtfqNUxrX_4VbwmN_LuZlIHBFHq7Fvy8BqEXvXfBjcinXkdVtttQ,1130
oMyiV-xifOn3QLAXX2YQGfdRMIyc2TBZdvZJRCZQGwkB4ezi7ZtP174HLhf_BVZid6FpEojDZM3NeA,1128
lp59yfvkRp2jWo47Z9Yb0rn6nB7E6Z1Qet3INS8k30syHpi21I-acqreiBGrGSAq_b0pXKBi6wgOlA,1128
8_b7WOwfeTfqD2uqReoW0bvRk4GsCQk-wpHpbYlf0GgSLAgGGCoNdHTIsaxeLxFk5nbzO-BopknkOg,1127
SQ8miveeA9TR2z3FntPWe4tJFtajjRF9WRTm_liTooRKARVCbl5HQY6mPglYzIXembUyhy0vJVJ5uQ,1127
wRULlRT3SyST7lGEvBPOeqC1B9sZ3_CeF-6i7WJZw5oLAupwCcUdHpHBEls5Ndfx-kuGI2oV4TmjCw,1127
oJDkPWHOu1_UmcU8IrLOoXkgLUrUYNUdwKnBqkIF1zLzDqUIr0Z-rd80eYXaXCZp18YdamRUQztpgQ,1127
2uISegGjwxsXL5bVOrkBmGHH8x2vpItsXFpk6nkg_uHAE6nvnnsZsYRLZe4GFxDmW6-PvJ7hvpa6PQ,1126
Ry6RsR-dtLeAnCHxac3dx_U7bteRBv2qLSe2Vf9eyqaBgWiCobQW69LV-Z7oDaY2-JtnIN7NjLdrWg,1125
i_VDZ22JNJQpxgRq-kxTRdY7o9P9rjbX4e8FR9lXrADe79nS79wgATxTgP3zJ-F8HsZBnmoIlKmgLw,1125
YU0V37pkxYxepny5pM3JeT0jADU3IWnirL7nAvrPNenTKZrf5V1Ub8wblCQCthtq710wjgo5x2iOeA,1124
i6vD-1a4Uf7uFgMaOZGl4YMwOL80c3qo-7bRBjLbRz2TNqCQBlVpeQ2S5B2fmJy9k3feFs3wG9oBtg,1123
TsG4lw_nL7Y0D06shEGbREbnYPhAJUtszBiHsZSYFg-degTRfSc1xtiVbdlCke2s9pA1WDx8oXW5OA,1122
1s3h4Oi1jFIitfWBGMLSE9ImI6eaRk1-Tp8PMgiSyJb1k2jA6GBxPbexCi2u7Qbywpmg4J_g5PRGhA,1122
gwaDuLt83WUfzRb1vs-zvATzaTHLf4FC2PZXC3MjTqpn9tVLKrPE4uoxVB6He-__qt1yIcFdIdKI8A,1121
4cXvnAMsJ7eLhzfjvUylgXpeH5mgMSc32Qgl3pTYDzIjw2M4S7MLYGznKe_tri7ix4WPWwrO0w0Ozw,1121
0s8GJ8P65XLGrJDwfTDyvOU2lGNl1apKWPfzY18KtSkjBLjT6H0M5jY1ywqiUMhhDo2fTNru4EZdeA,1121
3jQUCqPG6jbHI5MCgH9VRv3P00ODFdLup8Rtlr3BXEjzX2oGP1oQ-CoeOfRSbxjMkjENVF4G9bwvWQ,1120
GmdfXdmXmZrYVn4cmmIC3coSNgh7wsBEjzi3iUthfzHnVymE4lldkEHwYdc7SUsGDIdCxd5mnIBT_g,1119
0tdRgQxo-UO_ovOOcXrnkRZRuRf480e-jNvaUHlLIBN8EVuwq7XFM2BwbA5Vd0f26YLucdgNfPThZg,1118
yIWN5PFYx7a5HNTP2T6NBrQkuiOkjgM7rZYOi8dQmojgLF8Gk7LBB-U4FtwXt7fCImSEcEs8jqMCDw,1118
_593WcC7k00leejbcDQPE5UArLc8Wwt3hB5BJO0mskPvW3cQAHFeL_9pg10mDs-vNlSO2AB3qay2aA,1118
EAiMeAKqmeXUJb8EyjViVI9dLiz42NAlBMd1GYIVf9HPwVAYPYICh0bCHdVZZdMOlLzciJJ6yYOaNA,1117
U12QQgQ1XEby-IGxLS-XEMYHLNvjG8OLMvHWwvzOXXKli2n3UCpg_6mxw0NpqNvLW1rA7cxGSHxv5w,1107
35GmGIiRucCd774XeGAofcXP9FBAmwlLNYJ9Aa4Jqg84yAoA7xRn1rKg0uP9CFIX8kd5OVL9lHFEVA,1106
JABAHFEJhsFUYg32CmHFrtlz8Q7nt2UkX7GP6MjpLsKs1YDSb_xYul6XgPzhJAk9VZxo4oO88esUNw,1105
TbL3PrmpuzmHGjlCtd5hyIGrerDLh-00BahT_y7pq-KwcUUyJdJ4zNZRVWQv9U25NcZr9eQ_vqOO5w,1093
KDnvNLFz9qUsOn1IRh9v9HaPh_4jz5VwERckQkP226XDX8qx4jgU7ua9R3ILJj-rpkvgtxMMmRg6Tg,1089
B__LeYsPNy9_DPEs1slW6oBdQWcLWJZCoZxQCEsHkQW6q-1BVnHbXt7z9bHiA-6lgvZtW2x7_jmifA,1075
7L7cmzOxBf5QMSwb1g4sO_7fSWri-CllT1MwQU8I7XaqsoF5hoY8PGirDLEeqlJJrZ7DdIp1r7_dHQ,1069
VVSc_yEssfitWXwzCVFyIz6D8Dc8JezInWcvpgnp3SsH0wTAdvSLXSGnfUyR3RyFw5y-fxs1s9S-XA,1026
Q8yw-r_DK43Hwnr_tmVzu2GPqaLI0rzNvn2Pgxf8OVATU7iWDDyjKhSKGeLd_-0jiCKF58XKjAhc3w,1009
